<?xml version="1.0" encoding="UTF-8"?>
<root>
  <row>
    <Activity>SupportedWeight-optional-1-propagated</Activity>
    <Resource>Lilou</Resource>
    <Date>13.08.2019</Date>
    <Time>13:38:53</Time>
    <VariantTitle>SupportedWeight</VariantTitle>
    <VariantType>optional</VariantType>
    <VariantValue>1</VariantValue>
    <DecisionType>propagated</DecisionType>
    <ProcessOrder>2</ProcessOrder>
  </row>
  <row>
    <Activity>Less14-grouped-0-propagated</Activity>
    <Resource>Lilou</Resource>
    <Date>13.08.2019</Date>
    <Time>13:38:53</Time>
    <VariantTitle>Less14</VariantTitle>
    <VariantType>grouped</VariantType>
    <VariantValue>0</VariantValue>
    <DecisionType>propagated</DecisionType>
    <ProcessOrder>2</ProcessOrder>
  </row>
  <row>
    <Activity>15_30-grouped-0-propagated</Activity>
    <Resource>Lilou</Resource>
    <Date>13.08.2019</Date>
    <Time>13:38:53</Time>
    <VariantTitle>15_30</VariantTitle>
    <VariantType>grouped</VariantType>
    <VariantValue>0</VariantValue>
    <DecisionType>propagated</DecisionType>
    <ProcessOrder>2</ProcessOrder>
  </row>
  <row>
    <Activity>31_60-grouped-0-propagated</Activity>
    <Resource>Lilou</Resource>
    <Date>13.08.2019</Date>
    <Time>13:38:53</Time>
    <VariantTitle>31_60</VariantTitle>
    <VariantType>grouped</VariantType>
    <VariantValue>0</VariantValue>
    <DecisionType>propagated</DecisionType>
    <ProcessOrder>2</ProcessOrder>
  </row>
  <row>
    <Activity>61_90-grouped-1-manual</Activity>
    <Resource>Lilou</Resource>
    <Date>13.08.2019</Date>
    <Time>13:38:53</Time>
    <VariantTitle>61_90</VariantTitle>
    <VariantType>grouped</VariantType>
    <VariantValue>1</VariantValue>
    <DecisionType>manual</DecisionType>
    <ProcessOrder>2</ProcessOrder>
  </row>
  <row>
    <Activity>91_120-grouped-0-propagated</Activity>
    <Resource>Lilou</Resource>
    <Date>13.08.2019</Date>
    <Time>13:38:53</Time>
    <VariantTitle>91_120</VariantTitle>
    <VariantType>grouped</VariantType>
    <VariantValue>0</VariantValue>
    <DecisionType>propagated</DecisionType>
    <ProcessOrder>2</ProcessOrder>
  </row>
  <row>
    <Activity>More121-grouped-0-propagated</Activity>
    <Resource>Lilou</Resource>
    <Date>13.08.2019</Date>
    <Time>13:38:53</Time>
    <VariantTitle>More121</VariantTitle>
    <VariantType>grouped</VariantType>
    <VariantValue>0</VariantValue>
    <DecisionType>propagated</DecisionType>
    <ProcessOrder>2</ProcessOrder>
  </row>
  <row>
    <Activity>SupportedHeight-optional-1-propagated</Activity>
    <Resource>Lilou</Resource>
    <Date>13.08.2019</Date>
    <Time>13:39:06</Time>
    <VariantTitle>SupportedHeight</VariantTitle>
    <VariantType>optional</VariantType>
    <VariantValue>1</VariantValue>
    <DecisionType>propagated</DecisionType>
    <ProcessOrder>3</ProcessOrder>
  </row>
  <row>
    <Activity>0-5_0-99-grouped-0-propagated</Activity>
    <Resource>Lilou</Resource>
    <Date>13.08.2019</Date>
    <Time>13:39:06</Time>
    <VariantTitle>0-5_0-99</VariantTitle>
    <VariantType>grouped</VariantType>
    <VariantValue>0</VariantValue>
    <DecisionType>propagated</DecisionType>
    <ProcessOrder>3</ProcessOrder>
  </row>
  <row>
    <Activity>1_1-29-grouped-0-propagated</Activity>
    <Resource>Lilou</Resource>
    <Date>13.08.2019</Date>
    <Time>13:39:06</Time>
    <VariantTitle>1_1-29</VariantTitle>
    <VariantType>grouped</VariantType>
    <VariantValue>0</VariantValue>
    <DecisionType>propagated</DecisionType>
    <ProcessOrder>3</ProcessOrder>
  </row>
  <row>
    <Activity>1-3_1-59-grouped-0-propagated</Activity>
    <Resource>Lilou</Resource>
    <Date>13.08.2019</Date>
    <Time>13:39:06</Time>
    <VariantTitle>1-3_1-59</VariantTitle>
    <VariantType>grouped</VariantType>
    <VariantValue>0</VariantValue>
    <DecisionType>propagated</DecisionType>
    <ProcessOrder>3</ProcessOrder>
  </row>
  <row>
    <Activity>1-6_1-99-grouped-1-manual</Activity>
    <Resource>Lilou</Resource>
    <Date>13.08.2019</Date>
    <Time>13:39:06</Time>
    <VariantTitle>1-6_1-99</VariantTitle>
    <VariantType>grouped</VariantType>
    <VariantValue>1</VariantValue>
    <DecisionType>manual</DecisionType>
    <ProcessOrder>3</ProcessOrder>
  </row>
  <row>
    <Activity>More2-grouped-0-propagated</Activity>
    <Resource>Lilou</Resource>
    <Date>13.08.2019</Date>
    <Time>13:39:06</Time>
    <VariantTitle>More2</VariantTitle>
    <VariantType>grouped</VariantType>
    <VariantValue>0</VariantValue>
    <DecisionType>propagated</DecisionType>
    <ProcessOrder>3</ProcessOrder>
  </row>
  <row>
    <Activity>4_9-grouped-0-propagated</Activity>
    <Resource>Lilou</Resource>
    <Date>13.08.2019</Date>
    <Time>13:39:17</Time>
    <VariantTitle>4_9</VariantTitle>
    <VariantType>grouped</VariantType>
    <VariantValue>0</VariantValue>
    <DecisionType>propagated</DecisionType>
    <ProcessOrder>4</ProcessOrder>
  </row>
  <row>
    <Activity>10_19-grouped-0-propagated</Activity>
    <Resource>Lilou</Resource>
    <Date>13.08.2019</Date>
    <Time>13:39:17</Time>
    <VariantTitle>10_19</VariantTitle>
    <VariantType>grouped</VariantType>
    <VariantValue>0</VariantValue>
    <DecisionType>propagated</DecisionType>
    <ProcessOrder>4</ProcessOrder>
  </row>
  <row>
    <Activity>20_40-grouped-1-manual</Activity>
    <Resource>Lilou</Resource>
    <Date>13.08.2019</Date>
    <Time>13:39:17</Time>
    <VariantTitle>20_40</VariantTitle>
    <VariantType>grouped</VariantType>
    <VariantValue>1</VariantValue>
    <DecisionType>manual</DecisionType>
    <ProcessOrder>4</ProcessOrder>
  </row>
  <row>
    <Activity>41_60-grouped-0-propagated</Activity>
    <Resource>Lilou</Resource>
    <Date>13.08.2019</Date>
    <Time>13:39:17</Time>
    <VariantTitle>41_60</VariantTitle>
    <VariantType>grouped</VariantType>
    <VariantValue>0</VariantValue>
    <DecisionType>propagated</DecisionType>
    <ProcessOrder>4</ProcessOrder>
  </row>
  <row>
    <Activity>More60-grouped-0-propagated</Activity>
    <Resource>Lilou</Resource>
    <Date>13.08.2019</Date>
    <Time>13:39:17</Time>
    <VariantTitle>More60</VariantTitle>
    <VariantType>grouped</VariantType>
    <VariantValue>0</VariantValue>
    <DecisionType>propagated</DecisionType>
    <ProcessOrder>4</ProcessOrder>
  </row>
  <row>
    <Activity>Male-grouped-1-manual</Activity>
    <Resource>Lilou</Resource>
    <Date>13.08.2019</Date>
    <Time>13:39:27</Time>
    <VariantTitle>Male</VariantTitle>
    <VariantType>grouped</VariantType>
    <VariantValue>1</VariantValue>
    <DecisionType>manual</DecisionType>
    <ProcessOrder>5</ProcessOrder>
  </row>
  <row>
    <Activity>Female-grouped-0-propagated</Activity>
    <Resource>Lilou</Resource>
    <Date>13.08.2019</Date>
    <Time>13:39:27</Time>
    <VariantTitle>Female</VariantTitle>
    <VariantType>grouped</VariantType>
    <VariantValue>0</VariantValue>
    <DecisionType>propagated</DecisionType>
    <ProcessOrder>5</ProcessOrder>
  </row>
  <row>
    <Activity>-500-grouped-0-propagated</Activity>
    <Resource>Lilou</Resource>
    <Date>13.08.2019</Date>
    <Time>13:39:38</Time>
    <VariantTitle>-500</VariantTitle>
    <VariantType>grouped</VariantType>
    <VariantValue>0</VariantValue>
    <DecisionType>propagated</DecisionType>
    <ProcessOrder>6</ProcessOrder>
  </row>
  <row>
    <Activity>501_999-grouped-1-manual</Activity>
    <Resource>Lilou</Resource>
    <Date>13.08.2019</Date>
    <Time>13:39:38</Time>
    <VariantTitle>501_999</VariantTitle>
    <VariantType>grouped</VariantType>
    <VariantValue>1</VariantValue>
    <DecisionType>manual</DecisionType>
    <ProcessOrder>6</ProcessOrder>
  </row>
  <row>
    <Activity>1000_1999-grouped-0-propagated</Activity>
    <Resource>Lilou</Resource>
    <Date>13.08.2019</Date>
    <Time>13:39:38</Time>
    <VariantTitle>1000_1999</VariantTitle>
    <VariantType>grouped</VariantType>
    <VariantValue>0</VariantValue>
    <DecisionType>propagated</DecisionType>
    <ProcessOrder>6</ProcessOrder>
  </row>
  <row>
    <Activity>More2000-grouped-0-propagated</Activity>
    <Resource>Lilou</Resource>
    <Date>13.08.2019</Date>
    <Time>13:39:38</Time>
    <VariantTitle>More2000</VariantTitle>
    <VariantType>grouped</VariantType>
    <VariantValue>0</VariantValue>
    <DecisionType>propagated</DecisionType>
    <ProcessOrder>6</ProcessOrder>
  </row>
  <row>
    <Activity>Dabster-grouped-1-manual</Activity>
    <Resource>Lilou</Resource>
    <Date>13.08.2019</Date>
    <Time>13:39:42</Time>
    <VariantTitle>Dabster</VariantTitle>
    <VariantType>grouped</VariantType>
    <VariantValue>1</VariantValue>
    <DecisionType>manual</DecisionType>
    <ProcessOrder>7</ProcessOrder>
  </row>
  <row>
    <Activity>Professional-grouped-0-propagated</Activity>
    <Resource>Lilou</Resource>
    <Date>13.08.2019</Date>
    <Time>13:39:42</Time>
    <VariantTitle>Professional</VariantTitle>
    <VariantType>grouped</VariantType>
    <VariantValue>0</VariantValue>
    <DecisionType>propagated</DecisionType>
    <ProcessOrder>7</ProcessOrder>
  </row>
  <row>
    <Activity>Passionned-grouped-0-propagated</Activity>
    <Resource>Lilou</Resource>
    <Date>13.08.2019</Date>
    <Time>13:39:42</Time>
    <VariantTitle>Passionned</VariantTitle>
    <VariantType>grouped</VariantType>
    <VariantValue>0</VariantValue>
    <DecisionType>propagated</DecisionType>
    <ProcessOrder>7</ProcessOrder>
  </row>
  <row>
    <Activity>24inch-grouped-0-propagated</Activity>
    <Resource>Lilou</Resource>
    <Date>13.08.2019</Date>
    <Time>13:39:49</Time>
    <VariantTitle>24inch</VariantTitle>
    <VariantType>grouped</VariantType>
    <VariantValue>0</VariantValue>
    <DecisionType>propagated</DecisionType>
    <ProcessOrder>8</ProcessOrder>
  </row>
  <row>
    <Activity>26inch-grouped-0-propagated</Activity>
    <Resource>Lilou</Resource>
    <Date>13.08.2019</Date>
    <Time>13:39:49</Time>
    <VariantTitle>26inch</VariantTitle>
    <VariantType>grouped</VariantType>
    <VariantValue>0</VariantValue>
    <DecisionType>propagated</DecisionType>
    <ProcessOrder>8</ProcessOrder>
  </row>
  <row>
    <Activity>27-5inch-grouped-1-manual</Activity>
    <Resource>Lilou</Resource>
    <Date>13.08.2019</Date>
    <Time>13:39:49</Time>
    <VariantTitle>27-5inch</VariantTitle>
    <VariantType>grouped</VariantType>
    <VariantValue>1</VariantValue>
    <DecisionType>manual</DecisionType>
    <ProcessOrder>8</ProcessOrder>
  </row>
  <row>
    <Activity>29inch-grouped-0-propagated</Activity>
    <Resource>Lilou</Resource>
    <Date>13.08.2019</Date>
    <Time>13:39:49</Time>
    <VariantTitle>29inch</VariantTitle>
    <VariantType>grouped</VariantType>
    <VariantValue>0</VariantValue>
    <DecisionType>propagated</DecisionType>
    <ProcessOrder>8</ProcessOrder>
  </row>
  <row>
    <Activity>20inch-grouped-0-propagated</Activity>
    <Resource>Lilou</Resource>
    <Date>13.08.2019</Date>
    <Time>13:39:49</Time>
    <VariantTitle>20inch</VariantTitle>
    <VariantType>grouped</VariantType>
    <VariantValue>0</VariantValue>
    <DecisionType>propagated</DecisionType>
    <ProcessOrder>8</ProcessOrder>
  </row>
  <row>
    <Activity>15inch-grouped-0-propagated</Activity>
    <Resource>Lilou</Resource>
    <Date>13.08.2019</Date>
    <Time>13:39:49</Time>
    <VariantTitle>15inch</VariantTitle>
    <VariantType>grouped</VariantType>
    <VariantValue>0</VariantValue>
    <DecisionType>propagated</DecisionType>
    <ProcessOrder>8</ProcessOrder>
  </row>
  <row>
    <Activity>Light-optional-0-manual</Activity>
    <Resource>Lilou</Resource>
    <Date>13.08.2019</Date>
    <Time>13:39:52</Time>
    <VariantTitle>Light</VariantTitle>
    <VariantType>optional</VariantType>
    <VariantValue>0</VariantValue>
    <DecisionType>manual</DecisionType>
    <ProcessOrder>9</ProcessOrder>
  </row>
  <row>
    <Activity>LedBlue-grouped-0-propagated</Activity>
    <Resource>Lilou</Resource>
    <Date>13.08.2019</Date>
    <Time>13:39:52</Time>
    <VariantTitle>LedBlue</VariantTitle>
    <VariantType>grouped</VariantType>
    <VariantValue>0</VariantValue>
    <DecisionType>propagated</DecisionType>
    <ProcessOrder>9</ProcessOrder>
  </row>
  <row>
    <Activity>LedYellow-grouped-0-propagated</Activity>
    <Resource>Lilou</Resource>
    <Date>13.08.2019</Date>
    <Time>13:39:52</Time>
    <VariantTitle>LedYellow</VariantTitle>
    <VariantType>grouped</VariantType>
    <VariantValue>0</VariantValue>
    <DecisionType>propagated</DecisionType>
    <ProcessOrder>9</ProcessOrder>
  </row>
  <row>
    <Activity>WheelsKind-optional-1-propagated</Activity>
    <Resource>Lilou</Resource>
    <Date>13.08.2019</Date>
    <Time>13:39:56</Time>
    <VariantTitle>WheelsKind</VariantTitle>
    <VariantType>optional</VariantType>
    <VariantValue>1</VariantValue>
    <DecisionType>propagated</DecisionType>
    <ProcessOrder>10</ProcessOrder>
  </row>
  <row>
    <Activity>AllYear-grouped-1-manual</Activity>
    <Resource>Lilou</Resource>
    <Date>13.08.2019</Date>
    <Time>13:39:56</Time>
    <VariantTitle>AllYear</VariantTitle>
    <VariantType>grouped</VariantType>
    <VariantValue>1</VariantValue>
    <DecisionType>manual</DecisionType>
    <ProcessOrder>10</ProcessOrder>
  </row>
  <row>
    <Activity>Summer-grouped-0-propagated</Activity>
    <Resource>Lilou</Resource>
    <Date>13.08.2019</Date>
    <Time>13:39:56</Time>
    <VariantTitle>Summer</VariantTitle>
    <VariantType>grouped</VariantType>
    <VariantValue>0</VariantValue>
    <DecisionType>propagated</DecisionType>
    <ProcessOrder>10</ProcessOrder>
  </row>
  <row>
    <Activity>Winter-grouped-0-propagated</Activity>
    <Resource>Lilou</Resource>
    <Date>13.08.2019</Date>
    <Time>13:39:56</Time>
    <VariantTitle>Winter</VariantTitle>
    <VariantType>grouped</VariantType>
    <VariantValue>0</VariantValue>
    <DecisionType>propagated</DecisionType>
    <ProcessOrder>10</ProcessOrder>
  </row>
  <row>
    <Activity>Application-optional-1-propagated</Activity>
    <Resource>Lilou</Resource>
    <Date>13.08.2019</Date>
    <Time>13:40:05</Time>
    <VariantTitle>Application</VariantTitle>
    <VariantType>optional</VariantType>
    <VariantValue>1</VariantValue>
    <DecisionType>propagated</DecisionType>
    <ProcessOrder>11</ProcessOrder>
  </row>
  <row>
    <Activity>GoogleMaps-optional-1-manual</Activity>
    <Resource>Lilou</Resource>
    <Date>13.08.2019</Date>
    <Time>13:40:05</Time>
    <VariantTitle>GoogleMaps</VariantTitle>
    <VariantType>optional</VariantType>
    <VariantValue>1</VariantValue>
    <DecisionType>manual</DecisionType>
    <ProcessOrder>11</ProcessOrder>
  </row>
  <row>
    <Activity>Navigator-optional-1-manual</Activity>
    <Resource>Lilou</Resource>
    <Date>13.08.2019</Date>
    <Time>13:40:11</Time>
    <VariantTitle>Navigator</VariantTitle>
    <VariantType>optional</VariantType>
    <VariantValue>1</VariantValue>
    <DecisionType>manual</DecisionType>
    <ProcessOrder>12</ProcessOrder>
  </row>
  <row>
    <Activity>Guider-optional-1-manual</Activity>
    <Resource>Lilou</Resource>
    <Date>13.08.2019</Date>
    <Time>13:40:13</Time>
    <VariantTitle>Guider</VariantTitle>
    <VariantType>optional</VariantType>
    <VariantValue>1</VariantValue>
    <DecisionType>manual</DecisionType>
    <ProcessOrder>13</ProcessOrder>
  </row>
  <row>
    <Activity>Music-optional-0-manual</Activity>
    <Resource>Lilou</Resource>
    <Date>13.08.2019</Date>
    <Time>13:40:14</Time>
    <VariantTitle>Music</VariantTitle>
    <VariantType>optional</VariantType>
    <VariantValue>0</VariantValue>
    <DecisionType>manual</DecisionType>
    <ProcessOrder>14</ProcessOrder>
  </row>
  <row>
    <Activity>EnergySource-optional-0-manual</Activity>
    <Resource>Lilou</Resource>
    <Date>13.08.2019</Date>
    <Time>13:40:28</Time>
    <VariantTitle>EnergySource</VariantTitle>
    <VariantType>optional</VariantType>
    <VariantValue>0</VariantValue>
    <DecisionType>manual</DecisionType>
    <ProcessOrder>15</ProcessOrder>
  </row>
  <row>
    <Activity>SolarPanel-grouped-0-propagated</Activity>
    <Resource>Lilou</Resource>
    <Date>13.08.2019</Date>
    <Time>13:40:28</Time>
    <VariantTitle>SolarPanel</VariantTitle>
    <VariantType>grouped</VariantType>
    <VariantValue>0</VariantValue>
    <DecisionType>propagated</DecisionType>
    <ProcessOrder>15</ProcessOrder>
  </row>
  <row>
    <Activity>Dynamo-grouped-0-propagated</Activity>
    <Resource>Lilou</Resource>
    <Date>13.08.2019</Date>
    <Time>13:40:28</Time>
    <VariantTitle>Dynamo</VariantTitle>
    <VariantType>grouped</VariantType>
    <VariantValue>0</VariantValue>
    <DecisionType>propagated</DecisionType>
    <ProcessOrder>15</ProcessOrder>
  </row>
  <row>
    <Activity>Battery-grouped-0-propagated</Activity>
    <Resource>Lilou</Resource>
    <Date>13.08.2019</Date>
    <Time>13:40:28</Time>
    <VariantTitle>Battery</VariantTitle>
    <VariantType>grouped</VariantType>
    <VariantValue>0</VariantValue>
    <DecisionType>propagated</DecisionType>
    <ProcessOrder>15</ProcessOrder>
  </row>
  <row>
    <Activity>CompUnit-optional-0-propagated</Activity>
    <Resource>Lilou</Resource>
    <Date>13.08.2019</Date>
    <Time>13:40:28</Time>
    <VariantTitle>CompUnit</VariantTitle>
    <VariantType>optional</VariantType>
    <VariantValue>0</VariantValue>
    <DecisionType>propagated</DecisionType>
    <ProcessOrder>15</ProcessOrder>
  </row>
  <row>
    <Activity>GPS-grouped-0-propagated</Activity>
    <Resource>Lilou</Resource>
    <Date>13.08.2019</Date>
    <Time>13:40:28</Time>
    <VariantTitle>GPS</VariantTitle>
    <VariantType>grouped</VariantType>
    <VariantValue>0</VariantValue>
    <DecisionType>propagated</DecisionType>
    <ProcessOrder>15</ProcessOrder>
  </row>
  <row>
    <Activity>Tablet-grouped-0-propagated</Activity>
    <Resource>Lilou</Resource>
    <Date>13.08.2019</Date>
    <Time>13:40:28</Time>
    <VariantTitle>Tablet</VariantTitle>
    <VariantType>grouped</VariantType>
    <VariantValue>0</VariantValue>
    <DecisionType>propagated</DecisionType>
    <ProcessOrder>15</ProcessOrder>
  </row>
  <row>
    <Activity>Basket-optional-1-propagated</Activity>
    <Resource>Lilou</Resource>
    <Date>13.08.2019</Date>
    <Time>13:40:31</Time>
    <VariantTitle>Basket</VariantTitle>
    <VariantType>optional</VariantType>
    <VariantValue>1</VariantValue>
    <DecisionType>propagated</DecisionType>
    <ProcessOrder>16</ProcessOrder>
  </row>
  <row>
    <Activity>Wooden-grouped-0-propagated</Activity>
    <Resource>Lilou</Resource>
    <Date>13.08.2019</Date>
    <Time>13:40:31</Time>
    <VariantTitle>Wooden</VariantTitle>
    <VariantType>grouped</VariantType>
    <VariantValue>0</VariantValue>
    <DecisionType>propagated</DecisionType>
    <ProcessOrder>16</ProcessOrder>
  </row>
  <row>
    <Activity>SteelWires-grouped-1-manual</Activity>
    <Resource>Lilou</Resource>
    <Date>13.08.2019</Date>
    <Time>13:40:31</Time>
    <VariantTitle>SteelWires</VariantTitle>
    <VariantType>grouped</VariantType>
    <VariantValue>1</VariantValue>
    <DecisionType>manual</DecisionType>
    <ProcessOrder>16</ProcessOrder>
  </row>
  <row>
    <Activity>Racing-grouped-0-propagated</Activity>
    <Resource>Lilou</Resource>
    <Date>13.08.2019</Date>
    <Time>13:40:31</Time>
    <VariantTitle>Racing</VariantTitle>
    <VariantType>grouped</VariantType>
    <VariantValue>0</VariantValue>
    <DecisionType>propagated</DecisionType>
    <ProcessOrder>16</ProcessOrder>
  </row>
  <row>
    <Activity>Mountain-grouped-0-propagated</Activity>
    <Resource>Lilou</Resource>
    <Date>13.08.2019</Date>
    <Time>13:40:31</Time>
    <VariantTitle>Mountain</VariantTitle>
    <VariantType>grouped</VariantType>
    <VariantValue>0</VariantValue>
    <DecisionType>propagated</DecisionType>
    <ProcessOrder>16</ProcessOrder>
  </row>
  <row>
    <Activity>FootPedal-grouped-1-manual</Activity>
    <Resource>Lilou</Resource>
    <Date>13.08.2019</Date>
    <Time>13:40:37</Time>
    <VariantTitle>FootPedal</VariantTitle>
    <VariantType>grouped</VariantType>
    <VariantValue>1</VariantValue>
    <DecisionType>manual</DecisionType>
    <ProcessOrder>17</ProcessOrder>
  </row>
  <row>
    <Activity>Triathlon-grouped-1-manual</Activity>
    <Resource>Lilou</Resource>
    <Date>13.08.2019</Date>
    <Time>13:40:45</Time>
    <VariantTitle>Triathlon</VariantTitle>
    <VariantType>grouped</VariantType>
    <VariantValue>1</VariantValue>
    <DecisionType>manual</DecisionType>
    <ProcessOrder>18</ProcessOrder>
  </row>
  <row>
    <Activity>StepThrough-grouped-0-propagated</Activity>
    <Resource>Lilou</Resource>
    <Date>13.08.2019</Date>
    <Time>13:40:45</Time>
    <VariantTitle>StepThrough</VariantTitle>
    <VariantType>grouped</VariantType>
    <VariantValue>0</VariantValue>
    <DecisionType>propagated</DecisionType>
    <ProcessOrder>18</ProcessOrder>
  </row>
  <row>
    <Activity>Diamond-grouped-0-propagated</Activity>
    <Resource>Lilou</Resource>
    <Date>13.08.2019</Date>
    <Time>13:40:45</Time>
    <VariantTitle>Diamond</VariantTitle>
    <VariantType>grouped</VariantType>
    <VariantValue>0</VariantValue>
    <DecisionType>propagated</DecisionType>
    <ProcessOrder>18</ProcessOrder>
  </row>
  <row>
    <Activity>XLarge-grouped-0-propagated</Activity>
    <Resource>Lilou</Resource>
    <Date>13.08.2019</Date>
    <Time>13:40:50</Time>
    <VariantTitle>XLarge</VariantTitle>
    <VariantType>grouped</VariantType>
    <VariantValue>0</VariantValue>
    <DecisionType>propagated</DecisionType>
    <ProcessOrder>19</ProcessOrder>
  </row>
  <row>
    <Activity>Large-grouped-1-manual</Activity>
    <Resource>Lilou</Resource>
    <Date>13.08.2019</Date>
    <Time>13:40:50</Time>
    <VariantTitle>Large</VariantTitle>
    <VariantType>grouped</VariantType>
    <VariantValue>1</VariantValue>
    <DecisionType>manual</DecisionType>
    <ProcessOrder>19</ProcessOrder>
  </row>
  <row>
    <Activity>Medium-grouped-0-propagated</Activity>
    <Resource>Lilou</Resource>
    <Date>13.08.2019</Date>
    <Time>13:40:50</Time>
    <VariantTitle>Medium</VariantTitle>
    <VariantType>grouped</VariantType>
    <VariantValue>0</VariantValue>
    <DecisionType>propagated</DecisionType>
    <ProcessOrder>19</ProcessOrder>
  </row>
  <row>
    <Activity>Small-grouped-0-propagated</Activity>
    <Resource>Lilou</Resource>
    <Date>13.08.2019</Date>
    <Time>13:40:50</Time>
    <VariantTitle>Small</VariantTitle>
    <VariantType>grouped</VariantType>
    <VariantValue>0</VariantValue>
    <DecisionType>propagated</DecisionType>
    <ProcessOrder>19</ProcessOrder>
  </row>
  <row>
    <Activity>Iron-grouped-1-manual</Activity>
    <Resource>Lilou</Resource>
    <Date>13.08.2019</Date>
    <Time>13:40:51</Time>
    <VariantTitle>Iron</VariantTitle>
    <VariantType>grouped</VariantType>
    <VariantValue>1</VariantValue>
    <DecisionType>manual</DecisionType>
    <ProcessOrder>20</ProcessOrder>
  </row>
  <row>
    <Activity>Alu-grouped-0-propagated</Activity>
    <Resource>Lilou</Resource>
    <Date>13.08.2019</Date>
    <Time>13:40:51</Time>
    <VariantTitle>Alu</VariantTitle>
    <VariantType>grouped</VariantType>
    <VariantValue>0</VariantValue>
    <DecisionType>propagated</DecisionType>
    <ProcessOrder>20</ProcessOrder>
  </row>
  <row>
    <Activity>Carbon-grouped-0-propagated</Activity>
    <Resource>Lilou</Resource>
    <Date>13.08.2019</Date>
    <Time>13:40:51</Time>
    <VariantTitle>Carbon</VariantTitle>
    <VariantType>grouped</VariantType>
    <VariantValue>0</VariantValue>
    <DecisionType>propagated</DecisionType>
    <ProcessOrder>20</ProcessOrder>
  </row>
  <row>
    <Activity>CarbonPost-grouped-0-propagated</Activity>
    <Resource>Lilou</Resource>
    <Date>13.08.2019</Date>
    <Time>13:40:51</Time>
    <VariantTitle>CarbonPost</VariantTitle>
    <VariantType>grouped</VariantType>
    <VariantValue>0</VariantValue>
    <DecisionType>propagated</DecisionType>
    <ProcessOrder>20</ProcessOrder>
  </row>
  <row>
    <Activity>IronPost-grouped-1-propagated</Activity>
    <Resource>Lilou</Resource>
    <Date>13.08.2019</Date>
    <Time>13:40:51</Time>
    <VariantTitle>IronPost</VariantTitle>
    <VariantType>grouped</VariantType>
    <VariantValue>1</VariantValue>
    <DecisionType>propagated</DecisionType>
    <ProcessOrder>20</ProcessOrder>
  </row>
  <row>
    <Activity>Engine-grouped-0-manual</Activity>
    <Resource>Lilou</Resource>
    <Date>13.08.2019</Date>
    <Time>13:41:01</Time>
    <VariantTitle>Engine</VariantTitle>
    <VariantType>grouped</VariantType>
    <VariantValue>0</VariantValue>
    <DecisionType>manual</DecisionType>
    <ProcessOrder>21</ProcessOrder>
  </row>
  <row>
    <Activity>2years-grouped-1-manual</Activity>
    <Resource>Lilou</Resource>
    <Date>13.08.2019</Date>
    <Time>13:41:11</Time>
    <VariantTitle>2years</VariantTitle>
    <VariantType>grouped</VariantType>
    <VariantValue>1</VariantValue>
    <DecisionType>manual</DecisionType>
    <ProcessOrder>22</ProcessOrder>
  </row>
  <row>
    <Activity>3years-grouped-0-propagated</Activity>
    <Resource>Lilou</Resource>
    <Date>13.08.2019</Date>
    <Time>13:41:11</Time>
    <VariantTitle>3years</VariantTitle>
    <VariantType>grouped</VariantType>
    <VariantValue>0</VariantValue>
    <DecisionType>propagated</DecisionType>
    <ProcessOrder>22</ProcessOrder>
  </row>
  <row>
    <Activity>LifeTime-grouped-0-propagated</Activity>
    <Resource>Lilou</Resource>
    <Date>13.08.2019</Date>
    <Time>13:41:11</Time>
    <VariantTitle>LifeTime</VariantTitle>
    <VariantType>grouped</VariantType>
    <VariantValue>0</VariantValue>
    <DecisionType>propagated</DecisionType>
    <ProcessOrder>22</ProcessOrder>
  </row>
  <row>
    <Activity>White-grouped-1-manual</Activity>
    <Resource>Lilou</Resource>
    <Date>13.08.2019</Date>
    <Time>13:41:18</Time>
    <VariantTitle>White</VariantTitle>
    <VariantType>grouped</VariantType>
    <VariantValue>1</VariantValue>
    <DecisionType>manual</DecisionType>
    <ProcessOrder>23</ProcessOrder>
  </row>
  <row>
    <Activity>Blue-grouped-0-manual</Activity>
    <Resource>Lilou</Resource>
    <Date>13.08.2019</Date>
    <Time>13:41:20</Time>
    <VariantTitle>Blue</VariantTitle>
    <VariantType>grouped</VariantType>
    <VariantValue>0</VariantValue>
    <DecisionType>manual</DecisionType>
    <ProcessOrder>24</ProcessOrder>
  </row>
  <row>
    <Activity>Red-grouped-0-manual</Activity>
    <Resource>Lilou</Resource>
    <Date>13.08.2019</Date>
    <Time>13:41:21</Time>
    <VariantTitle>Red</VariantTitle>
    <VariantType>grouped</VariantType>
    <VariantValue>0</VariantValue>
    <DecisionType>manual</DecisionType>
    <ProcessOrder>25</ProcessOrder>
  </row>
  <row>
    <Activity>Work-grouped-0-propagated</Activity>
    <Resource>Lilou</Resource>
    <Date>13.08.2019</Date>
    <Time>13:41:30</Time>
    <VariantTitle>Work</VariantTitle>
    <VariantType>grouped</VariantType>
    <VariantValue>0</VariantValue>
    <DecisionType>propagated</DecisionType>
    <ProcessOrder>26</ProcessOrder>
  </row>
  <row>
    <Activity>Urban-grouped-1-manual</Activity>
    <Resource>Lilou</Resource>
    <Date>13.08.2019</Date>
    <Time>13:41:30</Time>
    <VariantTitle>Urban</VariantTitle>
    <VariantType>grouped</VariantType>
    <VariantValue>1</VariantValue>
    <DecisionType>manual</DecisionType>
    <ProcessOrder>26</ProcessOrder>
  </row>
  <row>
    <Activity>Plastic-grouped-0-propagated</Activity>
    <Resource>Lilou</Resource>
    <Date>13.08.2019</Date>
    <Time>13:41:34</Time>
    <VariantTitle>Plastic</VariantTitle>
    <VariantType>grouped</VariantType>
    <VariantValue>0</VariantValue>
    <DecisionType>propagated</DecisionType>
    <ProcessOrder>27</ProcessOrder>
  </row>
  <row>
    <Activity>Gel-grouped-1-manual</Activity>
    <Resource>Lilou</Resource>
    <Date>13.08.2019</Date>
    <Time>13:41:34</Time>
    <VariantTitle>Gel</VariantTitle>
    <VariantType>grouped</VariantType>
    <VariantValue>1</VariantValue>
    <DecisionType>manual</DecisionType>
    <ProcessOrder>27</ProcessOrder>
  </row>
  <row>
    <Activity>Suspension-grouped-1-manual</Activity>
    <Resource>Lilou</Resource>
    <Date>13.08.2019</Date>
    <Time>13:41:36</Time>
    <VariantTitle>Suspension</VariantTitle>
    <VariantType>grouped</VariantType>
    <VariantValue>1</VariantValue>
    <DecisionType>manual</DecisionType>
    <ProcessOrder>28</ProcessOrder>
  </row>
  <row>
    <Activity>Static-grouped-0-propagated</Activity>
    <Resource>Lilou</Resource>
    <Date>13.08.2019</Date>
    <Time>13:41:36</Time>
    <VariantTitle>Static</VariantTitle>
    <VariantType>grouped</VariantType>
    <VariantValue>0</VariantValue>
    <DecisionType>propagated</DecisionType>
    <ProcessOrder>28</ProcessOrder>
  </row>
  <row>
    <Activity>Drop-grouped-0-propagated</Activity>
    <Resource>Lilou</Resource>
    <Date>13.08.2019</Date>
    <Time>13:41:40</Time>
    <VariantTitle>Drop</VariantTitle>
    <VariantType>grouped</VariantType>
    <VariantValue>0</VariantValue>
    <DecisionType>propagated</DecisionType>
    <ProcessOrder>29</ProcessOrder>
  </row>
  <row>
    <Activity>Riser-grouped-0-propagated</Activity>
    <Resource>Lilou</Resource>
    <Date>13.08.2019</Date>
    <Time>13:41:40</Time>
    <VariantTitle>Riser</VariantTitle>
    <VariantType>grouped</VariantType>
    <VariantValue>0</VariantValue>
    <DecisionType>propagated</DecisionType>
    <ProcessOrder>29</ProcessOrder>
  </row>
  <row>
    <Activity>Pursuit-grouped-1-manual</Activity>
    <Resource>Lilou</Resource>
    <Date>13.08.2019</Date>
    <Time>13:41:40</Time>
    <VariantTitle>Pursuit</VariantTitle>
    <VariantType>grouped</VariantType>
    <VariantValue>1</VariantValue>
    <DecisionType>manual</DecisionType>
    <ProcessOrder>29</ProcessOrder>
  </row>
  <row>
    <Activity>TheftPreventions-optional-0-manual</Activity>
    <Resource>Lilou</Resource>
    <Date>13.08.2019</Date>
    <Time>13:41:40</Time>
    <VariantTitle>TheftPreventions</VariantTitle>
    <VariantType>optional</VariantType>
    <VariantValue>0</VariantValue>
    <DecisionType>manual</DecisionType>
    <ProcessOrder>30</ProcessOrder>
  </row>
  <row>
    <Activity>AmovibleSeat-grouped-0-propagated</Activity>
    <Resource>Lilou</Resource>
    <Date>13.08.2019</Date>
    <Time>13:41:40</Time>
    <VariantTitle>AmovibleSeat</VariantTitle>
    <VariantType>grouped</VariantType>
    <VariantValue>0</VariantValue>
    <DecisionType>propagated</DecisionType>
    <ProcessOrder>30</ProcessOrder>
  </row>
  <row>
    <Activity>Lock-grouped-0-propagated</Activity>
    <Resource>Lilou</Resource>
    <Date>13.08.2019</Date>
    <Time>13:41:40</Time>
    <VariantTitle>Lock</VariantTitle>
    <VariantType>grouped</VariantType>
    <VariantValue>0</VariantValue>
    <DecisionType>propagated</DecisionType>
    <ProcessOrder>30</ProcessOrder>
  </row>
  <row>
    <Activity>AlarmSystem-grouped-0-propagated</Activity>
    <Resource>Lilou</Resource>
    <Date>13.08.2019</Date>
    <Time>13:41:40</Time>
    <VariantTitle>AlarmSystem</VariantTitle>
    <VariantType>grouped</VariantType>
    <VariantValue>0</VariantValue>
    <DecisionType>propagated</DecisionType>
    <ProcessOrder>30</ProcessOrder>
  </row>
  <row>
    <Activity>GeolocalisationSystem-grouped-0-propagated</Activity>
    <Resource>Lilou</Resource>
    <Date>13.08.2019</Date>
    <Time>13:41:40</Time>
    <VariantTitle>GeolocalisationSystem</VariantTitle>
    <VariantType>grouped</VariantType>
    <VariantValue>0</VariantValue>
    <DecisionType>propagated</DecisionType>
    <ProcessOrder>30</ProcessOrder>
  </row>
  <row>
    <Activity>Accessories-optional-0-manual</Activity>
    <Resource>Lilou</Resource>
    <Date>13.08.2019</Date>
    <Time>13:41:42</Time>
    <VariantTitle>Accessories</VariantTitle>
    <VariantType>optional</VariantType>
    <VariantValue>0</VariantValue>
    <DecisionType>manual</DecisionType>
    <ProcessOrder>31</ProcessOrder>
  </row>
  <row>
    <Activity>Mudguards-grouped-0-propagated</Activity>
    <Resource>Lilou</Resource>
    <Date>13.08.2019</Date>
    <Time>13:41:42</Time>
    <VariantTitle>Mudguards</VariantTitle>
    <VariantType>grouped</VariantType>
    <VariantValue>0</VariantValue>
    <DecisionType>propagated</DecisionType>
    <ProcessOrder>31</ProcessOrder>
  </row>
  <row>
    <Activity>AirPump-grouped-0-propagated</Activity>
    <Resource>Lilou</Resource>
    <Date>13.08.2019</Date>
    <Time>13:41:42</Time>
    <VariantTitle>AirPump</VariantTitle>
    <VariantType>grouped</VariantType>
    <VariantValue>0</VariantValue>
    <DecisionType>propagated</DecisionType>
    <ProcessOrder>31</ProcessOrder>
  </row>
  <row>
    <Activity>KaskRoad-grouped-0-propagated</Activity>
    <Resource>Lilou</Resource>
    <Date>13.08.2019</Date>
    <Time>13:41:42</Time>
    <VariantTitle>KaskRoad</VariantTitle>
    <VariantType>grouped</VariantType>
    <VariantValue>0</VariantValue>
    <DecisionType>propagated</DecisionType>
    <ProcessOrder>31</ProcessOrder>
  </row>
  <row>
    <Activity>BikeCovers-grouped-0-propagated</Activity>
    <Resource>Lilou</Resource>
    <Date>13.08.2019</Date>
    <Time>13:41:42</Time>
    <VariantTitle>BikeCovers</VariantTitle>
    <VariantType>grouped</VariantType>
    <VariantValue>0</VariantValue>
    <DecisionType>propagated</DecisionType>
    <ProcessOrder>31</ProcessOrder>
  </row>
  <row>
    <Activity>WaterBottles-grouped-0-propagated</Activity>
    <Resource>Lilou</Resource>
    <Date>13.08.2019</Date>
    <Time>13:41:42</Time>
    <VariantTitle>WaterBottles</VariantTitle>
    <VariantType>grouped</VariantType>
    <VariantValue>0</VariantValue>
    <DecisionType>propagated</DecisionType>
    <ProcessOrder>31</ProcessOrder>
  </row>
  <row>
    <Activity>SmallPannier-grouped-0-propagated</Activity>
    <Resource>Lilou</Resource>
    <Date>13.08.2019</Date>
    <Time>13:41:42</Time>
    <VariantTitle>SmallPannier</VariantTitle>
    <VariantType>grouped</VariantType>
    <VariantValue>0</VariantValue>
    <DecisionType>propagated</DecisionType>
    <ProcessOrder>31</ProcessOrder>
  </row>
  <row>
    <Activity>BigPannier-grouped-0-propagated</Activity>
    <Resource>Lilou</Resource>
    <Date>13.08.2019</Date>
    <Time>13:41:42</Time>
    <VariantTitle>BigPannier</VariantTitle>
    <VariantType>grouped</VariantType>
    <VariantValue>0</VariantValue>
    <DecisionType>propagated</DecisionType>
    <ProcessOrder>31</ProcessOrder>
  </row>
</root>